{"cameraMode":{"drawMode":0,"name":"Shaded","section":"Shading Mode"},"sceneLighting":false,"audioPlay":false,"sceneViewState":{"m_AlwaysRefresh":false,"showFog":true,"showSkybox":false,"showFlares":true,"showImageEffects":true,"showParticleSystems":true,"showVisualEffectGraphs":true,"m_FxEnabled":true},"in2DMode":false,"pivot":{"x":0.5095146894454956,"y":13.553239822387696,"z":-0.10841649770736695},"rotation":{"x":0.09132304787635803,"y":0.03285586088895798,"z":-0.003013437381014228,"w":0.9952775835990906},"size":1.2067632675170899,"orthographic":false}