{"cameraMode":{"drawMode":0,"name":"Shaded","section":"Shading Mode"},"sceneLighting":false,"audioPlay":false,"sceneViewState":{"m_AlwaysRefresh":false,"showFog":true,"showSkybox":false,"showFlares":true,"showImageEffects":true,"showParticleSystems":true,"showVisualEffectGraphs":true,"m_FxEnabled":true},"in2DMode":false,"pivot":{"x":0.0967969298362732,"y":-3.798402786254883,"z":0.04352927207946777},"rotation":{"x":0.07192645221948624,"y":-0.0179526899009943,"z":0.001296119298785925,"w":0.9972506761550903},"size":2.2315573692321779,"orthographic":false}